gso_code,era,name_vi,wikidata_qid,description_en,description_vi
01,pre2025,Thành phố Hà Nội,Q1858,capital of Vietnam,thủ đô Việt Nam
02,pre2025,Tỉnh Hà Giang,Q36685,former province of Vietnam,tỉnh cũ thuộc vùng Đông Bắc Bộ và là tỉnh cực bắc của Việt Nam
04,pre2025,Tỉnh Cao Bằng,Q36865,province of Vietnam,tỉnh thuộc vùng Đông Bắc Bộ của Việt Nam
06,pre2025,Tỉnh Bắc Kạn,Q36404,Former province of Vietnam,tỉnh cũ thuộc vùng Đông Bắc Bộ của Việt Nam
08,pre2025,Tỉnh Tuyên Quang,Q2332060,province of Vietnam,tỉnh thuộc vùng Đông Bắc Bộ và là tỉnh cực bắc của Việt Nam
10,pre2025,Tỉnh Lào Cai,Q36446,province of Vietnam,tỉnh thuộc vùng Tây Bắc Bộ của Việt Nam
11,pre2025,Tỉnh Điện Biên,Q36955,province of Vietnam,tỉnh nằm ở khu vực Tây Bắc Bộ của Việt Nam
12,pre2025,Tỉnh Lai Châu,Q36409,province of Vietnam,tỉnh thuộc vùng Tây Bắc Bộ của Việt Nam
14,pre2025,Tỉnh Sơn La,Q33379,province in the Northwest region of Vietnam,tỉnh thuộc vùng Tây Bắc Bộ của Việt Nam
15,pre2025,Tỉnh Yên Bái,Q36349,former province of Vietnam,tỉnh cũ thuộc vùng Tây Bắc Bộ của Việt Nam
17,pre2025,Tỉnh Hoà Bình,Q36015,former province of Vietnam,tỉnh cũ thuộc vùng Tây Bắc Bộ của Việt Nam
19,pre2025,Tỉnh Thái Nguyên,Q26575,province in northeastern Vietnam,tỉnh thuộc vùng Đông Bắc Bộ của Việt Nam
20,pre2025,Tỉnh Lạng Sơn,Q33403,province of Vietnam,tỉnh thuộc vùng Đông Bắc Bộ của Việt Nam
22,pre2025,Tỉnh Quảng Ninh,Q33396,province of Vietnam,tỉnh thuộc vùng Đồng bằng sông Hồng của Việt Nam
24,pre2025,Tỉnh Bắc Giang,Q36367,former province of Vietnam,tỉnh cũ thuộc vùng Đông Bắc Bộ của Việt Nam
25,pre2025,Tỉnh Phú Thọ,Q36610,province of Vietnam,tỉnh thuộc vùng Đông Bắc Bộ của Việt Nam
26,pre2025,Tỉnh Vĩnh Phúc,Q27566,former province in Vietnam,tỉnh cũ thuộc vùng Đồng bằng sông Hồng của Việt Nam
27,pre2025,Tỉnh Bắc Ninh,Q33408,province of Vietnam,tỉnh thuộc vùng Đồng bằng Sông Hồng của Việt Nam
30,pre2025,Tỉnh Hải Dương,Q36729,former province of Vietnam,tỉnh cũ thuộc khu vực Đồng bằng Sông Hồng của Việt Nam
31,pre2025,Thành phố Hải Phòng,Q72818,municipality of Vietnam,thành phố trực thuộc trung ương Việt Nam
33,pre2025,Tỉnh Hưng Yên,Q36235,province of Vietnam,tỉnh thuộc Đồng bằng sông Hồng của Việt Nam
34,pre2025,Tỉnh Thái Bình,Q36681,former province of Vietnam (1890–2025),tỉnh cũ thuộc vùng Đồng bằng sông Hồng của Việt Nam
35,pre2025,Tỉnh Hà Nam,Q36413,former province of Vietnam,tỉnh cũ thuộc vùng Đồng bằng sông Hồng của Việt Nam
36,pre2025,Tỉnh Nam Định,Q36907,former province of Vietnam,tỉnh cũ nằm ở phía nam Đồng bằng sông Hồng của Việt Nam
37,pre2025,Tỉnh Ninh Bình,Q36900,province of Vietnam,tỉnh thuộc vùng Đồng bằng sông Hồng của Việt Nam
38,pre2025,Tỉnh Thanh Hóa,Q36512,province of Vietnam,tỉnh thuộc vùng Bắc Trung Bộ của Việt Nam
40,pre2025,Tỉnh Nghệ An,Q36587,province of Vietnam,tỉnh thuộc vùng Bắc Trung Bộ của Việt Nam
42,pre2025,Tỉnh Hà Tĩnh,Q33351,province of Vietnam,tỉnh thuộc vùng Bắc Trung Bộ của Việt Nam
44,pre2025,Tỉnh Quảng Bình,Q23533,former province of Vietnam,tỉnh cũ thuộc vùng Bắc Trung Bộ của Việt Nam
45,pre2025,Tỉnh Quảng Trị,Q36579,province of Vietnam,tỉnh thuộc vùng Bắc Trung Bộ của Việt Nam
46,pre2025,Thành phố Huế,Q36399,municipality of Vietnam,thành phố trực thuộc trung ương của Việt Nam
48,pre2025,Thành phố Đà Nẵng,Q25282,Municipality of Vietnam,thành phố trực thuộc trung ương của Việt Nam
49,pre2025,Tỉnh Quảng Nam,Q33356,former province in central Vietnam,tỉnh cũ thuộc vùng Duyên hải Nam Trung Bộ của Việt Nam
51,pre2025,Tỉnh Quảng Ngãi,Q33304,province of Vietnam,tỉnh thuộc vùng Duyên hải Nam Trung Bộ và Tây Nguyên của Việt Nam
52,pre2025,Tỉnh Bình Định,Q36693,former province of Vietnam,tỉnh cũ thuộc vùng Duyên hải Nam Trung Bộ của Việt Nam
54,pre2025,Tỉnh Phú Yên,Q36725,former province of Vietnam,tỉnh cũ thuộc vùng Duyên hải Nam Trung Bộ của Việt Nam
56,pre2025,Tỉnh Khánh Hòa,Q33369,province of Vietnam,tỉnh thuộc vùng Duyên hải Nam Trung Bộ và Tây Nguyên của Việt Nam
58,pre2025,Tỉnh Ninh Thuận,Q36903,former province of Vietnam,tỉnh cũ thuộc vùng Duyên hải Nam Trung Bộ của Việt Nam
60,pre2025,Tỉnh Bình Thuận,Q36869,former province of Vietnam,tỉnh cũ thuộc vùng Duyên hải Nam Trung Bộ của Việt Nam
62,pre2025,Tỉnh Kon Tum,Q36315,former province of Vietnam,tỉnh cũ thuộc vùng Tây Nguyên của Việt Nam
64,pre2025,Tỉnh Gia Lai,Q36662,province of Vietnam,tỉnh thuộc vùng Duyên hải Nam Trung Bộ và Tây Nguyên của Việt Nam
66,pre2025,Tỉnh Đắk Lắk,Q36690,province of Vietnam,tỉnh thuộc vùng Duyên hải Nam Trung Bộ và Tây Nguyên của Việt Nam
67,pre2025,Tỉnh Đắk Nông,Q36723,former province of Vietnam,tỉnh cũ thuộc vùng Tây Nguyên của Việt Nam
68,pre2025,Tỉnh Lâm Đồng,Q36721,Province in South Central Coast and Central Highlands region of Vietnam.,tỉnh thuộc vùng Duyên hải Nam Trung Bộ và Tây Nguyên của Việt Nam
70,pre2025,Tỉnh Bình Phước,Q36672,former province of Vietnam,tỉnh cũ thuộc vùng Đông Nam Bộ của Việt Nam
72,pre2025,Tỉnh Tây Ninh,Q36608,a province of Vietnam,tỉnh thuộc vùng Đông Nam Bộ của Việt Nam
74,pre2025,Tỉnh Bình Dương,Q36866,former province of Vietnam,tỉnh cũ thuộc vùng Đông Nam Bộ của Việt Nam
75,pre2025,Tỉnh Đồng Nai,Q33271,municipality of Vietnam,thành phố trực thuộc trung ương của Việt Nam
77,pre2025,Tỉnh Bà Rịa - Vũng Tàu,Q36874,former province of Vietnam,tỉnh cũ thuộc vùng Đông Nam Bộ của Việt Nam
79,pre2025,Thành phố Hồ Chí Minh,Q1854,largest city in Vietnam,thành phố trực thuộc trung ương của Việt Nam
80,pre2025,Tỉnh Long An,Q26573,A former province of Vietnam,tỉnh cũ thuộc vùng Đồng bằng sông Cửu Long của Việt Nam
82,pre2025,Tỉnh Tiền Giang,Q36666,former province of Vietnam,tỉnh cũ thuộc vùng Đồng bằng sông Cửu Long của Việt Nam
83,pre2025,Tỉnh Bến Tre,Q33366,former province of Vietnam,tỉnh cũ thuộc vùng Đồng bằng sông Cửu Long của Việt Nam
84,pre2025,Tỉnh Trà Vinh,Q36615,former province of Vietnam,tỉnh cũ thuộc vùng Đồng bằng sông Cửu Long của Việt Nam
86,pre2025,Tỉnh Vĩnh Long,Q7333405,province of Vietnam,tỉnh thuộc vùng Đồng bằng sông Cửu Long của Việt Nam
87,pre2025,Tỉnh Đồng Tháp,Q36676,province of Vietnam,tỉnh thuộc vùng Đồng bằng sông Cửu Long của Việt Nam
89,pre2025,Tỉnh An Giang,Q36592,province of Vietnam,"tỉnh thuộc vùng Đồng bằng sông Cửu Long, Việt Nam"
91,pre2025,Tỉnh Kiên Giang,Q36576,former province of Vietnam,tỉnh cũ thuộc vùng Đồng bằng sông Cửu Long của Việt Nam
92,pre2025,Thành phố Cần Thơ,Q216075,city of Vietnam,thành phố trực thuộc trung ương của Việt Nam
93,pre2025,Tỉnh Hậu Giang,Q36320,"former province in the Mekong Delta region, Vietnam",tỉnh cũ thuộc vùng Đồng bằng sông Cửu Long của Việt Nam
94,pre2025,Tỉnh Sóc Trăng,Q33272,former province of Vietnam,tỉnh cũ thuộc vùng Đồng bằng sông Cửu Long của Việt Nam
95,pre2025,Tỉnh Bạc Liêu,Q36658,former province of Vietnam,tỉnh cũ thuộc vùng Đồng bằng sông Cửu Long của Việt Nam
96,pre2025,Tỉnh Cà Mau,Q33354,province of Vietnam,tỉnh thuộc vùng Đồng bằng sông Cửu Long và là tỉnh cực nam của Việt Nam
01,post2025,Thành phố Hà Nội,Q1858,capital of Vietnam,thủ đô Việt Nam
04,post2025,Tỉnh Cao Bằng,Q36865,province of Vietnam,tỉnh thuộc vùng Đông Bắc Bộ của Việt Nam
08,post2025,Tỉnh Tuyên Quang,Q2332060,province of Vietnam,tỉnh thuộc vùng Đông Bắc Bộ và là tỉnh cực bắc của Việt Nam
11,post2025,Tỉnh Điện Biên,Q36955,province of Vietnam,tỉnh nằm ở khu vực Tây Bắc Bộ của Việt Nam
12,post2025,Tỉnh Lai Châu,Q36409,province of Vietnam,tỉnh thuộc vùng Tây Bắc Bộ của Việt Nam
14,post2025,Tỉnh Sơn La,Q33379,province in the Northwest region of Vietnam,tỉnh thuộc vùng Tây Bắc Bộ của Việt Nam
15,post2025,Tỉnh Lào Cai,Q36446,province of Vietnam,tỉnh thuộc vùng Tây Bắc Bộ của Việt Nam
19,post2025,Tỉnh Thái Nguyên,Q26575,province in northeastern Vietnam,tỉnh thuộc vùng Đông Bắc Bộ của Việt Nam
20,post2025,Tỉnh Lạng Sơn,Q33403,province of Vietnam,tỉnh thuộc vùng Đông Bắc Bộ của Việt Nam
22,post2025,Tỉnh Quảng Ninh,Q33396,province of Vietnam,tỉnh thuộc vùng Đồng bằng sông Hồng của Việt Nam
24,post2025,Tỉnh Bắc Ninh,Q33408,province of Vietnam,tỉnh thuộc vùng Đồng bằng Sông Hồng của Việt Nam
25,post2025,Tỉnh Phú Thọ,Q36610,province of Vietnam,tỉnh thuộc vùng Đông Bắc Bộ của Việt Nam
31,post2025,Thành phố Hải Phòng,Q72818,municipality of Vietnam,thành phố trực thuộc trung ương Việt Nam
33,post2025,Tỉnh Hưng Yên,Q36235,province of Vietnam,tỉnh thuộc Đồng bằng sông Hồng của Việt Nam
37,post2025,Tỉnh Ninh Bình,Q36900,province of Vietnam,tỉnh thuộc vùng Đồng bằng sông Hồng của Việt Nam
38,post2025,Tỉnh Thanh Hóa,Q36512,province of Vietnam,tỉnh thuộc vùng Bắc Trung Bộ của Việt Nam
40,post2025,Tỉnh Nghệ An,Q36587,province of Vietnam,tỉnh thuộc vùng Bắc Trung Bộ của Việt Nam
42,post2025,Tỉnh Hà Tĩnh,Q33351,province of Vietnam,tỉnh thuộc vùng Bắc Trung Bộ của Việt Nam
44,post2025,Tỉnh Quảng Trị,Q36579,province of Vietnam,tỉnh thuộc vùng Bắc Trung Bộ của Việt Nam
46,post2025,Thành phố Huế,Q36399,municipality of Vietnam,thành phố trực thuộc trung ương của Việt Nam
48,post2025,Thành phố Đà Nẵng,Q25282,Municipality of Vietnam,thành phố trực thuộc trung ương của Việt Nam
51,post2025,Tỉnh Quảng Ngãi,Q33304,province of Vietnam,tỉnh thuộc vùng Duyên hải Nam Trung Bộ và Tây Nguyên của Việt Nam
52,post2025,Tỉnh Gia Lai,Q36662,province of Vietnam,tỉnh thuộc vùng Duyên hải Nam Trung Bộ và Tây Nguyên của Việt Nam
56,post2025,Tỉnh Khánh Hòa,Q33369,province of Vietnam,tỉnh thuộc vùng Duyên hải Nam Trung Bộ và Tây Nguyên của Việt Nam
66,post2025,Tỉnh Đắk Lắk,Q36690,province of Vietnam,tỉnh thuộc vùng Duyên hải Nam Trung Bộ và Tây Nguyên của Việt Nam
68,post2025,Tỉnh Lâm Đồng,Q36721,Province in South Central Coast and Central Highlands region of Vietnam.,tỉnh thuộc vùng Duyên hải Nam Trung Bộ và Tây Nguyên của Việt Nam
75,post2025,Thành phố Đồng Nai,Q33271,municipality of Vietnam,thành phố trực thuộc trung ương của Việt Nam
79,post2025,Thành phố Hồ Chí Minh,Q1854,largest city in Vietnam,thành phố trực thuộc trung ương của Việt Nam
80,post2025,Tỉnh Tây Ninh,Q36608,a province of Vietnam,tỉnh thuộc vùng Đông Nam Bộ của Việt Nam
82,post2025,Tỉnh Đồng Tháp,Q36676,province of Vietnam,tỉnh thuộc vùng Đồng bằng sông Cửu Long của Việt Nam
86,post2025,Tỉnh Vĩnh Long,Q7333405,province of Vietnam,tỉnh thuộc vùng Đồng bằng sông Cửu Long của Việt Nam
91,post2025,Tỉnh An Giang,Q36592,province of Vietnam,"tỉnh thuộc vùng Đồng bằng sông Cửu Long, Việt Nam"
92,post2025,Thành phố Cần Thơ,Q216075,city of Vietnam,thành phố trực thuộc trung ương của Việt Nam
96,post2025,Tỉnh Cà Mau,Q33354,province of Vietnam,tỉnh thuộc vùng Đồng bằng sông Cửu Long và là tỉnh cực nam của Việt Nam
